{
  "routes": [
    {
      "route": "/api/*",
      "allowedRoles": ["anonymous"]
    },
    {
      "route": "/*",
      "serve": "/index.html",
      "statusCode": 200
    }
  ],
  "navigationFallback": {
    "rewrite": "/index.html",
    "exclude": ["/images/*.{png,jpg,gif,ico}", "/css/*"]
  },
  "mimeTypes": {
    ".json": "text/json"
  },
  "globalHeaders": {
    "content-security-policy": "default-src https: 'unsafe-eval' 'unsafe-inline'; object-src 'none'"
  },
  "auth": {
    "identityProviders": {
      "azureActiveDirectory": {
        "userDetailsClaim": "http://schemas.xmlsoap.org/ws/2005/05/identity/claims/name",
        "registration": {
          "openIdIssuer": "https://login.microsoftonline.com/<tenant-id>/v2.0",
          "clientIdSettingName": "AZURE_CLIENT_ID",
          "clientSecretSettingName": "AZURE_CLIENT_SECRET"
        }
      }
    }
  },
  "networking": {
    "allowedIpRanges": ["0.0.0.0/0"]
  }
}
